<?xml version="1.0" encoding="UTF-8" standalone="no"?><TaskList Version="2.0"><Task Active="false" ConnectorKind="local" CreationDate="2016-07-30 00:11:44.870 -0500" DueDate="" EndDate="" Estimated="0" Handle="local-1" IssueURL="" Kind="task" Label="Finish Feeder" LastModified="now" MarkReadPending="false" ModificationDate="" Notes="player checks for feeder    [or other way around?]&#13;&#10;player gets saturation [unless more direct way - check saturation code]" NotifiedIncoming="true" Owner="local" Priority="P3" Reminded="false" RepositoryUrl="local" ScheduledEndDate="2016-07-30 23:59:59.999 -0500" ScheduledStartDate="2016-07-24 00:00:00.0 -0500" Stale="false" TaskId="1" offlineSyncState="SYNCHRONIZED"/><Task Active="false" ConnectorKind="local" CreationDate="2016-07-30 00:15:18.342 -0500" DueDate="" EndDate="" Estimated="0" Handle="local-3" IssueURL="" Kind="task" Label="Command Blocks" LastModified="now" MarkReadPending="false" ModificationDate="" Notes="" NotifiedIncoming="true" Owner="local" Priority="P3" Reminded="false" RepositoryUrl="local" ScheduledEndDate="2016-07-30 23:59:59.999 -0500" ScheduledStartDate="2016-07-24 00:00:00.0 -0500" Stale="false" TaskId="3" offlineSyncState="SYNCHRONIZED"/><Task Active="false" ConnectorKind="local" CreationDate="2016-07-30 00:13:43.989 -0500" DueDate="" EndDate="" Estimated="0" Handle="local-2" IssueURL="" Kind="task" Label="New things to try" LastModified="now" MarkReadPending="false" ModificationDate="" Notes="Biome&#13;&#10;Dimension&#13;&#10;WorldGen&#13;&#10;Command&#13;&#10;Potions&#13;&#10;Liquids&#13;&#10;RF/Tesla" NotifiedIncoming="true" Owner="local" Priority="P3" Reminded="false" RepositoryUrl="local" ScheduledEndDate="2016-07-30 23:59:59.999 -0500" ScheduledStartDate="2016-07-24 00:00:00.0 -0500" Stale="false" TaskId="2" offlineSyncState="SYNCHRONIZED"/><TaskCategory Handle="Uncategorized" Name="Uncategorized"><TaskReference Handle="local-1"/><TaskReference Handle="local-3"/><TaskReference Handle="local-2"/></TaskCategory></TaskList>