{"stat.flyOneCm":1141,"stat.walkOneCm":3370,"stat.useItem.tm.coalnut":7,"stat.drop":1,"stat.jump":15,"stat.playOneMinute":1787,"stat.pickup.minecraft.coal":44,"stat.fallOneCm":404,"stat.leaveGame":1,"stat.damageTaken":80,"stat.pickup.minecraft.coal_ore":4,"stat.craftItem.minecraft.crafting_table":1,"stat.craftItem.tm.coalnut":20,"stat.timeSinceDeath":1787,"stat.drop.tm.coalnut":1,"stat.pickup.tm.coalnut":1,"stat.sprintOneCm":840,"achievement.exploreAllBiomes":{"value":0,"progress":["River","Forest","Plains"]},"stat.mineBlock.minecraft.tallgrass":3,"stat.craftingTableInteraction":1}