{"stat.walkOneCm":3294,"stat.entityKilledBy.Spider":1,"achievement.openInventory":2,"stat.leaveGame":1,"stat.damageTaken":280,"stat.craftItem.minecraft.crafting_table":1,"stat.pickup.tm.end_frost":1,"stat.mineBlock.minecraft.double_plant":1,"stat.craftItem.minecraft.coal":9,"stat.flyOneCm":17412,"stat.deaths":1,"stat.pickup.minecraft.wheat_seeds":1,"stat.drop":1,"stat.jump":62,"stat.swimOneCm":64,"stat.playOneMinute":2444,"stat.fallOneCm":1109,"stat.drop.minecraft.wheat_seeds":1,"stat.damageDealt":8,"stat.craftItem.minecraft.coal_block":1,"stat.timeSinceDeath":956,"stat.mineBlock.minecraft.packed_ice":2,"stat.mineBlock.tm.end_frost":1,"stat.sprintOneCm":3964,"achievement.exploreAllBiomes":{"value":0,"progress":["Birch Forest","River","Plains"]},"stat.mineBlock.minecraft.tallgrass":12,"stat.craftingTableInteraction":1}