{"stat.pickup.minecraft.rotten_flesh":10,"stat.craftItem.minecraft.iron_block":42,"stat.flyOneCm":110748,"stat.walkOneCm":6429,"stat.jump":23,"stat.playOneMinute":21410,"achievement.openInventory":5,"stat.sneakTime":1329,"stat.craftItem.minecraft.lever":3,"stat.damageDealt":131,"stat.crouchOneCm":2391,"stat.craftItem.minecraft.wooden_button":2,"stat.timeSinceDeath":21410,"stat.sprintOneCm":423,"stat.mobKills":1,"stat.killEntity.tm.Traitor_Zombie":1,"achievement.exploreAllBiomes":{"value":0,"progress":["Birch Forest","River","Plains"]},"stat.craftItem.minecraft.sea_lantern":5,"stat.useItem.minecraft.diamond_sword":3}