{"stat.flyOneCm":974,"stat.walkOneCm":8379,"stat.jump":16,"stat.playOneMinute":1848,"achievement.openInventory":2,"stat.fallOneCm":1675,"stat.pickup.minecraft.torch":1,"stat.leaveGame":1,"stat.sneakTime":59,"stat.damageTaken":40,"stat.useItem.minecraft.diamond_axe":2,"stat.useItem.minecraft.diamond_pickaxe":30,"stat.crouchOneCm":321,"stat.mineBlock.minecraft.torch":1,"stat.timeSinceDeath":1848,"stat.sprintOneCm":2144,"stat.useItem.minecraft.diamond_shovel":1,"achievement.exploreAllBiomes":{"value":0,"progress":["Beach","Birch Forest"]},"stat.useItem.minecraft.diamond_sword":2}